<?xml version="1.0" encoding="utf-8"?>
<!DOCTYPE library-reference PUBLIC "-//Boost//DTD BoostBook XML V1.0//EN"
  "http://www.boost.org/tools/boostbook/dtd/boostbook.dtd">
<library-reference xmlns:xi="http://www.w3.org/2001/XInclude"
                   last-revision="$Date: 2007-03-06 16:51:55 -0500 (Tue, 06 Mar 2007) $">
  <xi:include href="signal_header.xml"/>
  <xi:include href="signal_base.xml"/>
  <xi:include href="slot.xml"/>
  <xi:include href="slot_base.xml"/>
  <xi:include href="connection.xml"/>
  <xi:include href="shared_connection_block.xml"/>
  <xi:include href="last_value.xml"/>
  <xi:include href="auto_threaded.xml"/>
  <xi:include href="single_threaded.xml"/>
  <xi:include href="multi_threaded.xml"/>
  <xi:include href="deconstruct_ptr.xml"/>
  <xi:include href="postconstructible.xml"/>
  <xi:include href="predestructible.xml"/>
</library-reference>
