<?xml version="1.0" encoding="utf-8"?>
<!DOCTYPE header PUBLIC "-//Boost//DTD BoostBook XML V1.0//EN"
  "http://www.boost.org/tools/boostbook/dtd/boostbook.dtd">
<header name="boost/signals/multi_threaded.hpp" last-revision="$Date: 2007-03-06 16:51:55 -0500 (Tue, 06 Mar 2007) $">
  <using-namespace name="boost"/>
  <using-namespace name="boost::signalslib"/>
  <namespace name="boost">
    <namespace name="signalslib">
      <class name="multi_threaded">
        <purpose>Thread-safety for a signal, using Boost.Threads.</purpose>

        <description>
          <para>The <code>multi_threaded</code> class will produce a thread-safe signal
          class when used as the signal's <code>ThreadingModel</code> template parameter.
          The <code>multi_threaded</code> class depends on the boost.threads library.
          If you include the boost/signals/multi_threaded.hpp header file, you will
          be required to link your code to the boost.threads binary library.  Thus
          boost/signals/multi_threaded.hpp is not automatically included when
          you include boost/signal.hpp, and must be included separately if you wish
          to use <code>multi_threaded</code>.
          </para>
        </description>
      </class>
    </namespace>
  </namespace>
</header>
