<?xml version="1.0" encoding="utf-8"?>
<!DOCTYPE header PUBLIC "-//Boost//DTD BoostBook XML V1.0//EN"
  "http://www.boost.org/tools/boostbook/dtd/boostbook.dtd">
<header name="boost/signals/single_threaded.hpp" last-revision="$Date: 2007-03-06 16:51:55 -0500 (Tue, 06 Mar 2007) $">
  <using-namespace name="boost"/>
  <using-namespace name="boost::signalslib"/>
  <namespace name="boost">
    <namespace name="signalslib">
      <class name="single_threaded">
        <purpose>Single-threaded choice for the ThreadingModel template parameter of a signal.</purpose>

        <description>
          <para>The <code>single_threaded</code> class will produce a multi-thread-unsafe signal
          class when used as the signal's <code>ThreadingModel</code> template parameter.
          The signal might still be used in a multi-threaded program, as long as
          the signal is only used by a single thread.  The signal may have slightly
          better performance that a thread-safe signal, since it performs no locking.
          </para>
        </description>
      </class>
    </namespace>
  </namespace>
</header>
