<?xml version="1.0" encoding="UTF-8" ?>

<!--=========================================================================

     Grouped links for Boost Libraries documentation

     Copyright (c) 2007 Matias Capeletto

     Distributed under the Boost Software License, Version 1.0.
     (See accompanying file LICENSE_1_0.txt or copy at
     http://www.boost.org/LICENSE_1_0.txt)

===========================================================================-->


<groupedLinks version="1.0">

<title tag="Boost Libraries"      url="index.html"                          />

<group tag="Text processing"      url="index.html"                           >
<!--=======================================================================-->
    <item tag="lexical_cast"      url="conversion/lexical_cast.htm"         />
    <item tag="format"            url="format/index.html"                   />
    <item tag="iostreams"         url="iostreams/doc/index.html"            />
    <item tag="regex"             url="regex/index.html"                    />
    <item tag="spirit"            url="spirit/index.html"                   />
    <item tag="string_algo"       url="algorithm/string/index.html"         />
    <item tag="tokenizer"         url="tokenizer/index.html"                />
    <item tag="wave"              url="wave/index.html"                     />
    <item tag="xpressive"         url="xpressive/index.html"                />

</group>


<group tag="Data structures"      url="index.html"                           >
<!--=======================================================================-->
    <item tag="any"               url="any/index.html"                      />
    <item tag="array"             url="array/index.html"                    />
    <item tag="bimap"             url="http://tinyurl.com/22sja5"           />
    <item tag="compressed_pair"   url="utility/compressed_pair.htm"         />
    <item tag="dynamic_bitset"    url="dynamic_bitset/dynamic_bitset.html"  />
    <item tag="graph"             url="graph/doc/table_of_contents.html"    />
    <item tag="multi_array"       url="multi_array/doc/index.html"          />
    <item tag="multi_index"       url="multi_index/doc/index.html"          />
    <item tag="optional"          url="libs/optional/doc/optional.html"     />
    <item tag="ptr_container"     url="ptr_container/index.html"            />
    <item tag="property_map"      url="property_map/property_map.html"      />
    <item tag="tribool"           url="doc/html/tribool.html"               />
    <item tag="tuple"             url="tuple/doc/tuple_users_guide.html"    />
    <item tag="variant"           url="variant/index.html"                  />

</group>


<group tag="Algorithms"           url="index.html"                           >
<!--=======================================================================-->
    <item tag="foreach"           url="foreach/index.html"                  />
    <item tag="minmax"            url="algorithm/minmax/index.html"         />
    <item tag="range"             url="range/index.html"                    />

</group>


<group tag="Functional"           url="index.html"                           >
<!--=======================================================================-->
    <item tag="bind"              url="bind/bind.html"                      />
    <item tag="function"          url="function/index.html"                 />
    <item tag="functional"        url="functional/index.htm"                />
    <item tag="hash"              url="functional/hash/index.html"          />
    <item tag="lambda"            url="lambda/index.html"                   />
    <item tag="bind"              url="bind/ref.html"                       />
    <item tag="signals"           url="signals/index.html"                  />
    <item tag="result_of"         url="utility/utility.htm#result_of"       />

</group>


<group tag="Generic Programming"  url="index.html"                           >
<!--=======================================================================-->
    <item tag="call_traits"       url="utility/call_traits.htm"             />
    <item tag="concept_check"     url="concept_check/concept_check.htm"     />
    <item tag="enable_if"         url="utility/enable_if.html"              />
    <item tag="in_place_factory"  url="utility/in_place_factories.html"     />
    <item tag="iterators"         url="iterator/doc/index.html"             />
    <item tag="operators"         url="utility/operators.htm"               />
    <item tag="typeof"            url="typeof/index.html"                   />

</group>


<group tag="Metaprogramming" url="index.html"                                >
<!--=======================================================================-->
    <item tag="mpl"               url="mpl/doc/index.html"                  />
    <item tag="static_assert"     url="static_assert/static_assert.htm"     />
    <item tag="type_traits"       url="type_traits/index.html"              />

</group>


<group tag="Concurrent"           url="index.html"                           >
<!--=======================================================================-->
    <item tag="thread"            url="thread/doc/index.html"               />

</group>


<group tag="Math and numerics"    url="index.html"                           >
<!--=======================================================================-->
    <item tag="math"              url="math/doc/index.html"                 />
    <item tag="conversion"        url="numeric/conversion/index.html"       />
    <item tag="integer"           url="integer/index.html"                  />
    <item tag="interval"          url="numeric/interval/doc/interval.htm"   />
    <item tag="random"            url="random/index.html"                   />
    <item tag="rational"          url="rational/index.html"                 />
    <item tag="ublas"             url="numeric/ublas/doc/index.htm"         />

</group>


<group tag="Input Output"         url="index.html"                           >
<!--=======================================================================-->
    <item tag="io state savers"   url="io/doc/ios_state.html"               />
    <item tag="program_options"   url="../doc/html/program_options.html"    />
    <item tag="serialization"     url="serialization/doc/index.html"        />

</group>


<group tag="Memory"               url="index.html"                           >
<!--=======================================================================-->
    <item tag="pool"              url="pool/doc/index.html"                 />
    <item tag="smart_ptr"         url="smart_ptr/index.html"                />
    <item tag="utility"           url="utility/utility.htm"                 />

</group>


<group tag="Miscellaneous"        url="index.html"                           >
<!--=======================================================================-->
    <item tag="assign"            url="assign/index.html"                   />
    <item tag="base from member"  url="utility/base_from_member.html"       />
    <item tag="crc"               url="crc/index.html"                      />
    <item tag="date_time"         url="date_time/doc/index.html"            />
    <item tag="filesystem"        url="filesystem/doc/index.htm"            />
    <item tag="parameter"         url="parameter/doc/html/index.html"       />
    <item tag="preprocesor"       url="preprocessor/doc/index.html"         />
    <item tag="python"            url="python/doc/index.html"               />
    <item tag="timer"             url="timer/index.html"                    />
    <item tag="tr1"               url="tr1/index.html"                      />
    <item tag="statechart"        url="statechart/doc/index.html"           />
    <item tag="value_initialized" url="utility/value_init.htm"              />

</group>


<group tag="Compiler workarounds" url="index.html"                           >
<!--=======================================================================-->
    <item tag="compatibility"     url="compatibility/index.html"            />
    <item tag="config"            url="config/config.htm"                   />

</group>



</groupedLinks>

