<?xml version="1.0" encoding="utf-8"?>
<!DOCTYPE header PUBLIC "-//Boost//DTD BoostBook XML V1.0//EN"
  "http://www.boost.org/tools/boostbook/dtd/boostbook.dtd">
<header name="boost/last_value.hpp" last-revision="$Date: 2007-03-06 16:51:55 -0500 (Tue, 06 Mar 2007) $">
  <namespace name="boost">
    <class name="last_value">
      <template>
        <template-type-parameter name="T"/>
      </template>

      <purpose>Evaluate an <conceptname>InputIterator</conceptname> sequence and return the
      last value in the sequence.</purpose>

      <typedef name="result_type"><type>T</type></typedef>

      <method-group name="invocation">
        <method name="operator()" cv="const">
          <template>
            <template-type-parameter name="InputIterator"/>
          </template>
          <type>result_type</type>
          <parameter name="first">
            <paramtype>InputIterator</paramtype>
          </parameter>
          <parameter name="last">
            <paramtype>InputIterator</paramtype>
          </parameter>

          <effects><para>Attempts to dereference every iterator in the sequence <computeroutput>[first, last)</computeroutput>.
          Swallows <classname>boost::expired_slot</classname> exceptions thrown by failed dereference attempts.</para></effects>
          <returns><para>The result of the last successful iterator dereference.</para></returns>
          <throws><para><classname>boost::no_slots_error</classname> if no iterators were successfully dereferenced,
          unless the template type of <code>last_value</code> is <code>void</code> or <code>optional&lt;T&gt;</code>.</para></throws>
        </method>
      </method-group>
    </class>

    <class-specialization name="last_value">
      <template/>
      <specialization>
        <template-arg>void</template-arg>
      </specialization>

      <purpose>Evaluate an InputIterator sequence.</purpose>

      <typedef name="result_type">
        <type><emphasis>unspecified</emphasis></type>
      </typedef>

      <method-group name="invocation">
        <method name="operator()" cv="const">
          <template>
            <template-type-parameter name="InputIterator"/>
          </template>
          <type>result_type</type>
          <parameter name="first">
            <paramtype>InputIterator</paramtype>
          </parameter>
          <parameter name="last">
            <paramtype>InputIterator</paramtype>
          </parameter>

          <effects><para>Attempts to dereference every iterator in the sequence <computeroutput>[first, last)</computeroutput>.
          Swallows <classname>boost::expired_slot</classname> exceptions thrown by failed dereference attempts.</para></effects>
        </method>
      </method-group>
    </class-specialization>

    <class-specialization name="last_value">
      <template>
        <template-type-parameter name="T"/>
      </template>
      <specialization>
        <template-arg>optional&lt;T&gt;</template-arg>
      </specialization>

      <purpose>Evaluate an InputIterator sequence.</purpose>

      <typedef name="result_type">
        <type>optional&lt;T&gt;</type>
      </typedef>

      <method-group name="invocation">
        <method name="operator()" cv="const">
          <template>
            <template-type-parameter name="InputIterator"/>
          </template>
          <type>result_type</type>
          <parameter name="first">
            <paramtype>InputIterator</paramtype>
          </parameter>
          <parameter name="last">
            <paramtype>InputIterator</paramtype>
          </parameter>

          <effects><para>Attempts to dereference every iterator in the sequence <computeroutput>[first, last)</computeroutput>.
          Swallows <classname>boost::expired_slot</classname> exceptions thrown by failed dereference attempts.</para></effects>
          <returns><para>An <code>optional&lt;T&gt;</code> containing the result of the last successful iterator dereference,
          or an uninitalized <code>optional&lt;T&gt;</code> if no iterators were successfully dereferenced.</para></returns>
        </method>
      </method-group>
    </class-specialization>

    <class name="no_slots_error">
      <inherit access="public"><classname>std::exception</classname></inherit>
      <purpose>Indicates a combiner was unable to synthesize a return value.</purpose>
      <description>The <code>no_slots_error</code> exception may be thrown by <classname>last_value</classname>
        when it is run but unable to obtain any results from its input iterators.
      </description>
      <method name="what" cv="const" specifiers="virtual">
        <type>const char * </type>
      </method>
    </class>
  </namespace>
</header>
